f_res_id_res,f_res_foto
1,https://cdn.nba.com/logos/nba/1610612748/primary/L/logo.svg
2,https://cdn.nba.com/logos/nba/1610612746/primary/L/logo.svg
3,https://cdn.nba.com/logos/nba/1610612742/primary/L/logo.svg
3,https://cdn.nba.com/logos/nba/1610612743/primary/L/logo.svg
3,https://cdn.nba.com/logos/nba/1610612745/primary/L/logo.svg
4,https://cdn.nba.com/logos/nba/1610612748/primary/L/logo.svg
5,https://cdn.nba.com/logos/nba/1610612746/primary/L/logo.svg
5,https://cdn.nba.com/logos/nba/1610612742/primary/L/logo.svg
6,https://cdn.nba.com/logos/nba/1610612745/primary/L/logo.svg
6,https://cdn.nba.com/logos/nba/1610612746/primary/L/logo.svg
7,https://cdn.nba.com/logos/nba/1610612745/primary/L/logo.svg
8,https://cdn.nba.com/logos/nba/1610612738/primary/L/logo.svg
9,https://cdn.nba.com/logos/nba/1610612743/primary/L/logo.svg
9,https://cdn.nba.com/logos/nba/1610612746/primary/L/logo.svg
10,https://cdn.nba.com/logos/nba/1610612744/primary/L/logo.svg
10,https://cdn.nba.com/logos/nba/1610612737/primary/L/logo.svg
10,https://cdn.nba.com/logos/nba/1610612737/primary/L/logo.svg
11,https://cdn.nba.com/logos/nba/1610612748/primary/L/logo.svg
12,https://cdn.nba.com/logos/nba/1610612745/primary/L/logo.svg
12,https://cdn.nba.com/logos/nba/1610612741/primary/L/logo.svg
13,https://cdn.nba.com/logos/nba/1610612747/primary/L/logo.svg
14,https://cdn.nba.com/logos/nba/1610612747/primary/L/logo.svg
14,https://cdn.nba.com/logos/nba/1610612737/primary/L/logo.svg
14,https://cdn.nba.com/logos/nba/1610612747/primary/L/logo.svg
15,https://cdn.nba.com/logos/nba/1610612742/primary/L/logo.svg
15,https://cdn.nba.com/logos/nba/1610612744/primary/L/logo.svg
15,https://cdn.nba.com/logos/nba/1610612742/primary/L/logo.svg
16,https://cdn.nba.com/logos/nba/1610612743/primary/L/logo.svg
16,https://cdn.nba.com/logos/nba/1610612741/primary/L/logo.svg
16,https://cdn.nba.com/logos/nba/1610612746/primary/L/logo.svg
17,https://cdn.nba.com/logos/nba/1610612737/primary/L/logo.svg
18,https://cdn.nba.com/logos/nba/1610612741/primary/L/logo.svg
18,https://cdn.nba.com/logos/nba/1610612742/primary/L/logo.svg
18,https://cdn.nba.com/logos/nba/1610612741/primary/L/logo.svg
19,https://cdn.nba.com/logos/nba/1610612738/primary/L/logo.svg
19,https://cdn.nba.com/logos/nba/1610612745/primary/L/logo.svg
19,https://cdn.nba.com/logos/nba/1610612737/primary/L/logo.svg
20,https://cdn.nba.com/logos/nba/1610612744/primary/L/logo.svg
20,https://cdn.nba.com/logos/nba/1610612743/primary/L/logo.svg
21,https://cdn.nba.com/logos/nba/1610612738/primary/L/logo.svg
22,https://cdn.nba.com/logos/nba/1610612747/primary/L/logo.svg
23,https://cdn.nba.com/logos/nba/1610612745/primary/L/logo.svg
23,https://cdn.nba.com/logos/nba/1610612744/primary/L/logo.svg
24,https://cdn.nba.com/logos/nba/1610612745/primary/L/logo.svg
24,https://cdn.nba.com/logos/nba/1610612747/primary/L/logo.svg
25,https://cdn.nba.com/logos/nba/1610612746/primary/L/logo.svg
25,https://cdn.nba.com/logos/nba/1610612741/primary/L/logo.svg
25,https://cdn.nba.com/logos/nba/1610612738/primary/L/logo.svg
26,https://cdn.nba.com/logos/nba/1610612748/primary/L/logo.svg
26,https://cdn.nba.com/logos/nba/1610612738/primary/L/logo.svg
27,https://cdn.nba.com/logos/nba/1610612742/primary/L/logo.svg
27,https://cdn.nba.com/logos/nba/1610612741/primary/L/logo.svg
28,https://cdn.nba.com/logos/nba/1610612746/primary/L/logo.svg
28,https://cdn.nba.com/logos/nba/1610612748/primary/L/logo.svg
29,https://cdn.nba.com/logos/nba/1610612742/primary/L/logo.svg
29,https://cdn.nba.com/logos/nba/1610612743/primary/L/logo.svg
29,https://cdn.nba.com/logos/nba/1610612746/primary/L/logo.svg
30,https://cdn.nba.com/logos/nba/1610612741/primary/L/logo.svg
30,https://cdn.nba.com/logos/nba/1610612742/primary/L/logo.svg
31,https://cdn.nba.com/logos/nba/1610612737/primary/L/logo.svg
31,https://cdn.nba.com/logos/nba/1610612748/primary/L/logo.svg
31,https://cdn.nba.com/logos/nba/1610612745/primary/L/logo.svg
32,https://cdn.nba.com/logos/nba/1610612746/primary/L/logo.svg
33,https://cdn.nba.com/logos/nba/1610612741/primary/L/logo.svg
33,https://cdn.nba.com/logos/nba/1610612748/primary/L/logo.svg
34,https://cdn.nba.com/logos/nba/1610612742/primary/L/logo.svg
34,https://cdn.nba.com/logos/nba/1610612746/primary/L/logo.svg
35,https://cdn.nba.com/logos/nba/1610612742/primary/L/logo.svg
35,https://cdn.nba.com/logos/nba/1610612738/primary/L/logo.svg
36,https://cdn.nba.com/logos/nba/1610612742/primary/L/logo.svg
36,https://cdn.nba.com/logos/nba/1610612746/primary/L/logo.svg
36,https://cdn.nba.com/logos/nba/1610612743/primary/L/logo.svg
37,https://cdn.nba.com/logos/nba/1610612742/primary/L/logo.svg
37,https://cdn.nba.com/logos/nba/1610612738/primary/L/logo.svg
38,https://cdn.nba.com/logos/nba/1610612744/primary/L/logo.svg
38,https://cdn.nba.com/logos/nba/1610612737/primary/L/logo.svg
38,https://cdn.nba.com/logos/nba/1610612745/primary/L/logo.svg
39,https://cdn.nba.com/logos/nba/1610612747/primary/L/logo.svg
39,https://cdn.nba.com/logos/nba/1610612746/primary/L/logo.svg
39,https://cdn.nba.com/logos/nba/1610612746/primary/L/logo.svg
40,https://cdn.nba.com/logos/nba/1610612745/primary/L/logo.svg
40,https://cdn.nba.com/logos/nba/1610612744/primary/L/logo.svg
40,https://cdn.nba.com/logos/nba/1610612737/primary/L/logo.svg
41,https://cdn.nba.com/logos/nba/1610612737/primary/L/logo.svg
41,https://cdn.nba.com/logos/nba/1610612747/primary/L/logo.svg
41,https://cdn.nba.com/logos/nba/1610612742/primary/L/logo.svg
42,https://cdn.nba.com/logos/nba/1610612743/primary/L/logo.svg
43,https://cdn.nba.com/logos/nba/1610612744/primary/L/logo.svg
43,https://cdn.nba.com/logos/nba/1610612746/primary/L/logo.svg
44,https://cdn.nba.com/logos/nba/1610612742/primary/L/logo.svg
45,https://cdn.nba.com/logos/nba/1610612747/primary/L/logo.svg
45,https://cdn.nba.com/logos/nba/1610612741/primary/L/logo.svg
45,https://cdn.nba.com/logos/nba/1610612743/primary/L/logo.svg
46,https://cdn.nba.com/logos/nba/1610612744/primary/L/logo.svg
46,https://cdn.nba.com/logos/nba/1610612741/primary/L/logo.svg
47,https://cdn.nba.com/logos/nba/1610612741/primary/L/logo.svg
48,https://cdn.nba.com/logos/nba/1610612745/primary/L/logo.svg
48,https://cdn.nba.com/logos/nba/1610612743/primary/L/logo.svg
48,https://cdn.nba.com/logos/nba/1610612748/primary/L/logo.svg
49,https://cdn.nba.com/logos/nba/1610612737/primary/L/logo.svg
50,https://cdn.nba.com/logos/nba/1610612742/primary/L/logo.svg
50,https://cdn.nba.com/logos/nba/1610612743/primary/L/logo.svg
50,https://cdn.nba.com/logos/nba/1610612748/primary/L/logo.svg
51,https://cdn.nba.com/logos/nba/1610612748/primary/L/logo.svg
51,https://cdn.nba.com/logos/nba/1610612743/primary/L/logo.svg
51,https://cdn.nba.com/logos/nba/1610612746/primary/L/logo.svg
52,https://cdn.nba.com/logos/nba/1610612744/primary/L/logo.svg
52,https://cdn.nba.com/logos/nba/1610612748/primary/L/logo.svg
52,https://cdn.nba.com/logos/nba/1610612743/primary/L/logo.svg
53,https://cdn.nba.com/logos/nba/1610612741/primary/L/logo.svg
53,https://cdn.nba.com/logos/nba/1610612748/primary/L/logo.svg
54,https://cdn.nba.com/logos/nba/1610612745/primary/L/logo.svg
54,https://cdn.nba.com/logos/nba/1610612746/primary/L/logo.svg
55,https://cdn.nba.com/logos/nba/1610612747/primary/L/logo.svg
56,https://cdn.nba.com/logos/nba/1610612741/primary/L/logo.svg
56,https://cdn.nba.com/logos/nba/1610612743/primary/L/logo.svg
56,https://cdn.nba.com/logos/nba/1610612746/primary/L/logo.svg
57,https://cdn.nba.com/logos/nba/1610612738/primary/L/logo.svg
58,https://cdn.nba.com/logos/nba/1610612741/primary/L/logo.svg
58,https://cdn.nba.com/logos/nba/1610612745/primary/L/logo.svg
58,https://cdn.nba.com/logos/nba/1610612742/primary/L/logo.svg
59,https://cdn.nba.com/logos/nba/1610612746/primary/L/logo.svg
59,https://cdn.nba.com/logos/nba/1610612741/primary/L/logo.svg
59,https://cdn.nba.com/logos/nba/1610612746/primary/L/logo.svg
60,https://cdn.nba.com/logos/nba/1610612745/primary/L/logo.svg
61,https://cdn.nba.com/logos/nba/1610612738/primary/L/logo.svg
61,https://cdn.nba.com/logos/nba/1610612746/primary/L/logo.svg
62,https://cdn.nba.com/logos/nba/1610612745/primary/L/logo.svg
62,https://cdn.nba.com/logos/nba/1610612738/primary/L/logo.svg
62,https://cdn.nba.com/logos/nba/1610612744/primary/L/logo.svg
63,https://cdn.nba.com/logos/nba/1610612738/primary/L/logo.svg
63,https://cdn.nba.com/logos/nba/1610612738/primary/L/logo.svg
64,https://cdn.nba.com/logos/nba/1610612742/primary/L/logo.svg
65,https://cdn.nba.com/logos/nba/1610612742/primary/L/logo.svg
66,https://cdn.nba.com/logos/nba/1610612744/primary/L/logo.svg
66,https://cdn.nba.com/logos/nba/1610612748/primary/L/logo.svg
67,https://cdn.nba.com/logos/nba/1610612744/primary/L/logo.svg
67,https://cdn.nba.com/logos/nba/1610612748/primary/L/logo.svg
67,https://cdn.nba.com/logos/nba/1610612743/primary/L/logo.svg
68,https://cdn.nba.com/logos/nba/1610612744/primary/L/logo.svg
68,https://cdn.nba.com/logos/nba/1610612742/primary/L/logo.svg
68,https://cdn.nba.com/logos/nba/1610612742/primary/L/logo.svg
69,https://cdn.nba.com/logos/nba/1610612744/primary/L/logo.svg
69,https://cdn.nba.com/logos/nba/1610612745/primary/L/logo.svg
70,https://cdn.nba.com/logos/nba/1610612738/primary/L/logo.svg
70,https://cdn.nba.com/logos/nba/1610612741/primary/L/logo.svg
71,https://cdn.nba.com/logos/nba/1610612743/primary/L/logo.svg
71,https://cdn.nba.com/logos/nba/1610612748/primary/L/logo.svg
71,https://cdn.nba.com/logos/nba/1610612745/primary/L/logo.svg
72,https://cdn.nba.com/logos/nba/1610612743/primary/L/logo.svg
72,https://cdn.nba.com/logos/nba/1610612745/primary/L/logo.svg
72,https://cdn.nba.com/logos/nba/1610612738/primary/L/logo.svg
73,https://cdn.nba.com/logos/nba/1610612744/primary/L/logo.svg
73,https://cdn.nba.com/logos/nba/1610612747/primary/L/logo.svg
74,https://cdn.nba.com/logos/nba/1610612746/primary/L/logo.svg
74,https://cdn.nba.com/logos/nba/1610612742/primary/L/logo.svg
75,https://cdn.nba.com/logos/nba/1610612742/primary/L/logo.svg
75,https://cdn.nba.com/logos/nba/1610612748/primary/L/logo.svg
75,https://cdn.nba.com/logos/nba/1610612737/primary/L/logo.svg
76,https://cdn.nba.com/logos/nba/1610612741/primary/L/logo.svg
76,https://cdn.nba.com/logos/nba/1610612748/primary/L/logo.svg
77,https://cdn.nba.com/logos/nba/1610612742/primary/L/logo.svg
77,https://cdn.nba.com/logos/nba/1610612748/primary/L/logo.svg
78,https://cdn.nba.com/logos/nba/1610612746/primary/L/logo.svg
78,https://cdn.nba.com/logos/nba/1610612744/primary/L/logo.svg
79,https://cdn.nba.com/logos/nba/1610612738/primary/L/logo.svg
79,https://cdn.nba.com/logos/nba/1610612746/primary/L/logo.svg
80,https://cdn.nba.com/logos/nba/1610612744/primary/L/logo.svg
80,https://cdn.nba.com/logos/nba/1610612745/primary/L/logo.svg
80,https://cdn.nba.com/logos/nba/1610612748/primary/L/logo.svg
81,https://cdn.nba.com/logos/nba/1610612745/primary/L/logo.svg
81,https://cdn.nba.com/logos/nba/1610612745/primary/L/logo.svg
82,https://cdn.nba.com/logos/nba/1610612738/primary/L/logo.svg
83,https://cdn.nba.com/logos/nba/1610612737/primary/L/logo.svg
83,https://cdn.nba.com/logos/nba/1610612743/primary/L/logo.svg
83,https://cdn.nba.com/logos/nba/1610612748/primary/L/logo.svg
84,https://cdn.nba.com/logos/nba/1610612743/primary/L/logo.svg
85,https://cdn.nba.com/logos/nba/1610612741/primary/L/logo.svg
86,https://cdn.nba.com/logos/nba/1610612744/primary/L/logo.svg
86,https://cdn.nba.com/logos/nba/1610612741/primary/L/logo.svg
87,https://cdn.nba.com/logos/nba/1610612746/primary/L/logo.svg
87,https://cdn.nba.com/logos/nba/1610612745/primary/L/logo.svg
88,https://cdn.nba.com/logos/nba/1610612747/primary/L/logo.svg
88,https://cdn.nba.com/logos/nba/1610612743/primary/L/logo.svg
89,https://cdn.nba.com/logos/nba/1610612738/primary/L/logo.svg
89,https://cdn.nba.com/logos/nba/1610612737/primary/L/logo.svg
90,https://cdn.nba.com/logos/nba/1610612737/primary/L/logo.svg
90,https://cdn.nba.com/logos/nba/1610612745/primary/L/logo.svg
91,https://cdn.nba.com/logos/nba/1610612737/primary/L/logo.svg
91,https://cdn.nba.com/logos/nba/1610612744/primary/L/logo.svg
92,https://cdn.nba.com/logos/nba/1610612745/primary/L/logo.svg
93,https://cdn.nba.com/logos/nba/1610612744/primary/L/logo.svg
94,https://cdn.nba.com/logos/nba/1610612746/primary/L/logo.svg
95,https://cdn.nba.com/logos/nba/1610612748/primary/L/logo.svg
95,https://cdn.nba.com/logos/nba/1610612737/primary/L/logo.svg
96,https://cdn.nba.com/logos/nba/1610612748/primary/L/logo.svg
96,https://cdn.nba.com/logos/nba/1610612747/primary/L/logo.svg
96,https://cdn.nba.com/logos/nba/1610612745/primary/L/logo.svg
97,https://cdn.nba.com/logos/nba/1610612738/primary/L/logo.svg
97,https://cdn.nba.com/logos/nba/1610612747/primary/L/logo.svg
98,https://cdn.nba.com/logos/nba/1610612748/primary/L/logo.svg
98,https://cdn.nba.com/logos/nba/1610612737/primary/L/logo.svg
99,https://cdn.nba.com/logos/nba/1610612738/primary/L/logo.svg
99,https://cdn.nba.com/logos/nba/1610612748/primary/L/logo.svg
100,https://cdn.nba.com/logos/nba/1610612747/primary/L/logo.svg
101,https://cdn.nba.com/logos/nba/1610612741/primary/L/logo.svg
102,https://cdn.nba.com/logos/nba/1610612741/primary/L/logo.svg
103,https://cdn.nba.com/logos/nba/1610612742/primary/L/logo.svg
103,https://cdn.nba.com/logos/nba/1610612743/primary/L/logo.svg
103,https://cdn.nba.com/logos/nba/1610612746/primary/L/logo.svg
104,https://cdn.nba.com/logos/nba/1610612741/primary/L/logo.svg
104,https://cdn.nba.com/logos/nba/1610612743/primary/L/logo.svg
104,https://cdn.nba.com/logos/nba/1610612737/primary/L/logo.svg
105,https://cdn.nba.com/logos/nba/1610612738/primary/L/logo.svg
105,https://cdn.nba.com/logos/nba/1610612742/primary/L/logo.svg
106,https://cdn.nba.com/logos/nba/1610612742/primary/L/logo.svg
106,https://cdn.nba.com/logos/nba/1610612737/primary/L/logo.svg
107,https://cdn.nba.com/logos/nba/1610612748/primary/L/logo.svg
107,https://cdn.nba.com/logos/nba/1610612737/primary/L/logo.svg
108,https://cdn.nba.com/logos/nba/1610612737/primary/L/logo.svg
109,https://cdn.nba.com/logos/nba/1610612742/primary/L/logo.svg
109,https://cdn.nba.com/logos/nba/1610612741/primary/L/logo.svg
109,https://cdn.nba.com/logos/nba/1610612743/primary/L/logo.svg
110,https://cdn.nba.com/logos/nba/1610612747/primary/L/logo.svg
111,https://cdn.nba.com/logos/nba/1610612742/primary/L/logo.svg
111,https://cdn.nba.com/logos/nba/1610612738/primary/L/logo.svg
112,https://cdn.nba.com/logos/nba/1610612738/primary/L/logo.svg
113,https://cdn.nba.com/logos/nba/1610612746/primary/L/logo.svg
113,https://cdn.nba.com/logos/nba/1610612743/primary/L/logo.svg
113,https://cdn.nba.com/logos/nba/1610612737/primary/L/logo.svg
114,https://cdn.nba.com/logos/nba/1610612746/primary/L/logo.svg
114,https://cdn.nba.com/logos/nba/1610612745/primary/L/logo.svg
114,https://cdn.nba.com/logos/nba/1610612744/primary/L/logo.svg
115,https://cdn.nba.com/logos/nba/1610612747/primary/L/logo.svg
116,https://cdn.nba.com/logos/nba/1610612746/primary/L/logo.svg
116,https://cdn.nba.com/logos/nba/1610612744/primary/L/logo.svg
116,https://cdn.nba.com/logos/nba/1610612746/primary/L/logo.svg
117,https://cdn.nba.com/logos/nba/1610612741/primary/L/logo.svg
117,https://cdn.nba.com/logos/nba/1610612737/primary/L/logo.svg
117,https://cdn.nba.com/logos/nba/1610612741/primary/L/logo.svg
118,https://cdn.nba.com/logos/nba/1610612746/primary/L/logo.svg
119,https://cdn.nba.com/logos/nba/1610612737/primary/L/logo.svg
120,https://cdn.nba.com/logos/nba/1610612746/primary/L/logo.svg
120,https://cdn.nba.com/logos/nba/1610612742/primary/L/logo.svg
120,https://cdn.nba.com/logos/nba/1610612738/primary/L/logo.svg
121,https://cdn.nba.com/logos/nba/1610612747/primary/L/logo.svg
121,https://cdn.nba.com/logos/nba/1610612743/primary/L/logo.svg
121,https://cdn.nba.com/logos/nba/1610612743/primary/L/logo.svg
122,https://cdn.nba.com/logos/nba/1610612748/primary/L/logo.svg
122,https://cdn.nba.com/logos/nba/1610612744/primary/L/logo.svg
122,https://cdn.nba.com/logos/nba/1610612746/primary/L/logo.svg
123,https://cdn.nba.com/logos/nba/1610612744/primary/L/logo.svg
124,https://cdn.nba.com/logos/nba/1610612741/primary/L/logo.svg
124,https://cdn.nba.com/logos/nba/1610612743/primary/L/logo.svg
124,https://cdn.nba.com/logos/nba/1610612741/primary/L/logo.svg
125,https://cdn.nba.com/logos/nba/1610612743/primary/L/logo.svg
126,https://cdn.nba.com/logos/nba/1610612742/primary/L/logo.svg
126,https://cdn.nba.com/logos/nba/1610612748/primary/L/logo.svg
127,https://cdn.nba.com/logos/nba/1610612738/primary/L/logo.svg
127,https://cdn.nba.com/logos/nba/1610612737/primary/L/logo.svg
128,https://cdn.nba.com/logos/nba/1610612744/primary/L/logo.svg
128,https://cdn.nba.com/logos/nba/1610612745/primary/L/logo.svg
128,https://cdn.nba.com/logos/nba/1610612741/primary/L/logo.svg
129,https://cdn.nba.com/logos/nba/1610612743/primary/L/logo.svg
130,https://cdn.nba.com/logos/nba/1610612746/primary/L/logo.svg
130,https://cdn.nba.com/logos/nba/1610612743/primary/L/logo.svg
131,https://cdn.nba.com/logos/nba/1610612746/primary/L/logo.svg
131,https://cdn.nba.com/logos/nba/1610612748/primary/L/logo.svg
132,https://cdn.nba.com/logos/nba/1610612745/primary/L/logo.svg
133,https://cdn.nba.com/logos/nba/1610612748/primary/L/logo.svg
133,https://cdn.nba.com/logos/nba/1610612738/primary/L/logo.svg
133,https://cdn.nba.com/logos/nba/1610612741/primary/L/logo.svg
134,https://cdn.nba.com/logos/nba/1610612737/primary/L/logo.svg
135,https://cdn.nba.com/logos/nba/1610612741/primary/L/logo.svg
135,https://cdn.nba.com/logos/nba/1610612745/primary/L/logo.svg
136,https://cdn.nba.com/logos/nba/1610612743/primary/L/logo.svg
136,https://cdn.nba.com/logos/nba/1610612737/primary/L/logo.svg
136,https://cdn.nba.com/logos/nba/1610612748/primary/L/logo.svg
137,https://cdn.nba.com/logos/nba/1610612742/primary/L/logo.svg
138,https://cdn.nba.com/logos/nba/1610612748/primary/L/logo.svg
138,https://cdn.nba.com/logos/nba/1610612746/primary/L/logo.svg
138,https://cdn.nba.com/logos/nba/1610612737/primary/L/logo.svg
139,https://cdn.nba.com/logos/nba/1610612743/primary/L/logo.svg
139,https://cdn.nba.com/logos/nba/1610612748/primary/L/logo.svg
140,https://cdn.nba.com/logos/nba/1610612746/primary/L/logo.svg
140,https://cdn.nba.com/logos/nba/1610612744/primary/L/logo.svg
141,https://cdn.nba.com/logos/nba/1610612746/primary/L/logo.svg
141,https://cdn.nba.com/logos/nba/1610612743/primary/L/logo.svg
142,https://cdn.nba.com/logos/nba/1610612737/primary/L/logo.svg
143,https://cdn.nba.com/logos/nba/1610612747/primary/L/logo.svg
144,https://cdn.nba.com/logos/nba/1610612748/primary/L/logo.svg
144,https://cdn.nba.com/logos/nba/1610612742/primary/L/logo.svg
144,https://cdn.nba.com/logos/nba/1610612747/primary/L/logo.svg
145,https://cdn.nba.com/logos/nba/1610612743/primary/L/logo.svg
146,https://cdn.nba.com/logos/nba/1610612741/primary/L/logo.svg
146,https://cdn.nba.com/logos/nba/1610612746/primary/L/logo.svg
147,https://cdn.nba.com/logos/nba/1610612744/primary/L/logo.svg
147,https://cdn.nba.com/logos/nba/1610612738/primary/L/logo.svg
147,https://cdn.nba.com/logos/nba/1610612745/primary/L/logo.svg
148,https://cdn.nba.com/logos/nba/1610612744/primary/L/logo.svg
148,https://cdn.nba.com/logos/nba/1610612743/primary/L/logo.svg
149,https://cdn.nba.com/logos/nba/1610612743/primary/L/logo.svg
149,https://cdn.nba.com/logos/nba/1610612738/primary/L/logo.svg
149,https://cdn.nba.com/logos/nba/1610612743/primary/L/logo.svg
150,https://cdn.nba.com/logos/nba/1610612747/primary/L/logo.svg
150,https://cdn.nba.com/logos/nba/1610612746/primary/L/logo.svg
150,https://cdn.nba.com/logos/nba/1610612747/primary/L/logo.svg
151,https://cdn.nba.com/logos/nba/1610612748/primary/L/logo.svg
152,https://cdn.nba.com/logos/nba/1610612737/primary/L/logo.svg
152,https://cdn.nba.com/logos/nba/1610612746/primary/L/logo.svg
153,https://cdn.nba.com/logos/nba/1610612742/primary/L/logo.svg
153,https://cdn.nba.com/logos/nba/1610612748/primary/L/logo.svg
153,https://cdn.nba.com/logos/nba/1610612738/primary/L/logo.svg
154,https://cdn.nba.com/logos/nba/1610612745/primary/L/logo.svg
155,https://cdn.nba.com/logos/nba/1610612741/primary/L/logo.svg
156,https://cdn.nba.com/logos/nba/1610612745/primary/L/logo.svg
156,https://cdn.nba.com/logos/nba/1610612742/primary/L/logo.svg
156,https://cdn.nba.com/logos/nba/1610612742/primary/L/logo.svg
157,https://cdn.nba.com/logos/nba/1610612742/primary/L/logo.svg
158,https://cdn.nba.com/logos/nba/1610612747/primary/L/logo.svg
159,https://cdn.nba.com/logos/nba/1610612741/primary/L/logo.svg
159,https://cdn.nba.com/logos/nba/1610612747/primary/L/logo.svg
160,https://cdn.nba.com/logos/nba/1610612744/primary/L/logo.svg
161,https://cdn.nba.com/logos/nba/1610612743/primary/L/logo.svg
162,https://cdn.nba.com/logos/nba/1610612738/primary/L/logo.svg
162,https://cdn.nba.com/logos/nba/1610612746/primary/L/logo.svg
162,https://cdn.nba.com/logos/nba/1610612744/primary/L/logo.svg
163,https://cdn.nba.com/logos/nba/1610612746/primary/L/logo.svg
164,https://cdn.nba.com/logos/nba/1610612748/primary/L/logo.svg
164,https://cdn.nba.com/logos/nba/1610612742/primary/L/logo.svg
164,https://cdn.nba.com/logos/nba/1610612745/primary/L/logo.svg
165,https://cdn.nba.com/logos/nba/1610612738/primary/L/logo.svg
165,https://cdn.nba.com/logos/nba/1610612746/primary/L/logo.svg
166,https://cdn.nba.com/logos/nba/1610612747/primary/L/logo.svg
166,https://cdn.nba.com/logos/nba/1610612748/primary/L/logo.svg
167,https://cdn.nba.com/logos/nba/1610612744/primary/L/logo.svg
167,https://cdn.nba.com/logos/nba/1610612743/primary/L/logo.svg
167,https://cdn.nba.com/logos/nba/1610612746/primary/L/logo.svg
168,https://cdn.nba.com/logos/nba/1610612737/primary/L/logo.svg
168,https://cdn.nba.com/logos/nba/1610612747/primary/L/logo.svg
168,https://cdn.nba.com/logos/nba/1610612737/primary/L/logo.svg
169,https://cdn.nba.com/logos/nba/1610612746/primary/L/logo.svg
169,https://cdn.nba.com/logos/nba/1610612744/primary/L/logo.svg
169,https://cdn.nba.com/logos/nba/1610612737/primary/L/logo.svg
170,https://cdn.nba.com/logos/nba/1610612737/primary/L/logo.svg
170,https://cdn.nba.com/logos/nba/1610612747/primary/L/logo.svg
171,https://cdn.nba.com/logos/nba/1610612745/primary/L/logo.svg
171,https://cdn.nba.com/logos/nba/1610612738/primary/L/logo.svg
172,https://cdn.nba.com/logos/nba/1610612745/primary/L/logo.svg
173,https://cdn.nba.com/logos/nba/1610612738/primary/L/logo.svg
173,https://cdn.nba.com/logos/nba/1610612747/primary/L/logo.svg
173,https://cdn.nba.com/logos/nba/1610612737/primary/L/logo.svg
174,https://cdn.nba.com/logos/nba/1610612744/primary/L/logo.svg
175,https://cdn.nba.com/logos/nba/1610612747/primary/L/logo.svg
175,https://cdn.nba.com/logos/nba/1610612744/primary/L/logo.svg
175,https://cdn.nba.com/logos/nba/1610612745/primary/L/logo.svg
176,https://cdn.nba.com/logos/nba/1610612745/primary/L/logo.svg
176,https://cdn.nba.com/logos/nba/1610612744/primary/L/logo.svg
176,https://cdn.nba.com/logos/nba/1610612737/primary/L/logo.svg
177,https://cdn.nba.com/logos/nba/1610612748/primary/L/logo.svg
178,https://cdn.nba.com/logos/nba/1610612744/primary/L/logo.svg
178,https://cdn.nba.com/logos/nba/1610612738/primary/L/logo.svg
179,https://cdn.nba.com/logos/nba/1610612747/primary/L/logo.svg
179,https://cdn.nba.com/logos/nba/1610612747/primary/L/logo.svg
180,https://cdn.nba.com/logos/nba/1610612745/primary/L/logo.svg
180,https://cdn.nba.com/logos/nba/1610612745/primary/L/logo.svg
181,https://cdn.nba.com/logos/nba/1610612741/primary/L/logo.svg
182,https://cdn.nba.com/logos/nba/1610612748/primary/L/logo.svg
182,https://cdn.nba.com/logos/nba/1610612742/primary/L/logo.svg
182,https://cdn.nba.com/logos/nba/1610612746/primary/L/logo.svg
183,https://cdn.nba.com/logos/nba/1610612748/primary/L/logo.svg
183,https://cdn.nba.com/logos/nba/1610612741/primary/L/logo.svg
184,https://cdn.nba.com/logos/nba/1610612742/primary/L/logo.svg
184,https://cdn.nba.com/logos/nba/1610612744/primary/L/logo.svg
184,https://cdn.nba.com/logos/nba/1610612745/primary/L/logo.svg
185,https://cdn.nba.com/logos/nba/1610612742/primary/L/logo.svg
185,https://cdn.nba.com/logos/nba/1610612746/primary/L/logo.svg
185,https://cdn.nba.com/logos/nba/1610612743/primary/L/logo.svg
186,https://cdn.nba.com/logos/nba/1610612746/primary/L/logo.svg
187,https://cdn.nba.com/logos/nba/1610612748/primary/L/logo.svg
188,https://cdn.nba.com/logos/nba/1610612748/primary/L/logo.svg
188,https://cdn.nba.com/logos/nba/1610612748/primary/L/logo.svg
188,https://cdn.nba.com/logos/nba/1610612742/primary/L/logo.svg
189,https://cdn.nba.com/logos/nba/1610612738/primary/L/logo.svg
190,https://cdn.nba.com/logos/nba/1610612746/primary/L/logo.svg
190,https://cdn.nba.com/logos/nba/1610612744/primary/L/logo.svg
191,https://cdn.nba.com/logos/nba/1610612741/primary/L/logo.svg
191,https://cdn.nba.com/logos/nba/1610612747/primary/L/logo.svg
191,https://cdn.nba.com/logos/nba/1610612741/primary/L/logo.svg
192,https://cdn.nba.com/logos/nba/1610612748/primary/L/logo.svg
193,https://cdn.nba.com/logos/nba/1610612747/primary/L/logo.svg
194,https://cdn.nba.com/logos/nba/1610612745/primary/L/logo.svg
194,https://cdn.nba.com/logos/nba/1610612748/primary/L/logo.svg
194,https://cdn.nba.com/logos/nba/1610612745/primary/L/logo.svg
195,https://cdn.nba.com/logos/nba/1610612738/primary/L/logo.svg
195,https://cdn.nba.com/logos/nba/1610612742/primary/L/logo.svg
196,https://cdn.nba.com/logos/nba/1610612741/primary/L/logo.svg
196,https://cdn.nba.com/logos/nba/1610612746/primary/L/logo.svg
197,https://cdn.nba.com/logos/nba/1610612746/primary/L/logo.svg
198,https://cdn.nba.com/logos/nba/1610612748/primary/L/logo.svg
199,https://cdn.nba.com/logos/nba/1610612746/primary/L/logo.svg
199,https://cdn.nba.com/logos/nba/1610612747/primary/L/logo.svg
199,https://cdn.nba.com/logos/nba/1610612747/primary/L/logo.svg
200,https://cdn.nba.com/logos/nba/1610612737/primary/L/logo.svg
200,https://cdn.nba.com/logos/nba/1610612746/primary/L/logo.svg
201,https://cdn.nba.com/logos/nba/1610612748/primary/L/logo.svg
201,https://cdn.nba.com/logos/nba/1610612745/primary/L/logo.svg
201,https://cdn.nba.com/logos/nba/1610612741/primary/L/logo.svg
202,https://cdn.nba.com/logos/nba/1610612748/primary/L/logo.svg
202,https://cdn.nba.com/logos/nba/1610612743/primary/L/logo.svg
203,https://cdn.nba.com/logos/nba/1610612745/primary/L/logo.svg
204,https://cdn.nba.com/logos/nba/1610612743/primary/L/logo.svg
204,https://cdn.nba.com/logos/nba/1610612744/primary/L/logo.svg
204,https://cdn.nba.com/logos/nba/1610612746/primary/L/logo.svg
205,https://cdn.nba.com/logos/nba/1610612742/primary/L/logo.svg
205,https://cdn.nba.com/logos/nba/1610612746/primary/L/logo.svg
206,https://cdn.nba.com/logos/nba/1610612746/primary/L/logo.svg
206,https://cdn.nba.com/logos/nba/1610612737/primary/L/logo.svg
206,https://cdn.nba.com/logos/nba/1610612738/primary/L/logo.svg
207,https://cdn.nba.com/logos/nba/1610612738/primary/L/logo.svg
207,https://cdn.nba.com/logos/nba/1610612744/primary/L/logo.svg
208,https://cdn.nba.com/logos/nba/1610612738/primary/L/logo.svg
208,https://cdn.nba.com/logos/nba/1610612738/primary/L/logo.svg
208,https://cdn.nba.com/logos/nba/1610612737/primary/L/logo.svg
209,https://cdn.nba.com/logos/nba/1610612741/primary/L/logo.svg
209,https://cdn.nba.com/logos/nba/1610612746/primary/L/logo.svg
210,https://cdn.nba.com/logos/nba/1610612741/primary/L/logo.svg
211,https://cdn.nba.com/logos/nba/1610612746/primary/L/logo.svg
211,https://cdn.nba.com/logos/nba/1610612742/primary/L/logo.svg
211,https://cdn.nba.com/logos/nba/1610612738/primary/L/logo.svg
212,https://cdn.nba.com/logos/nba/1610612738/primary/L/logo.svg
212,https://cdn.nba.com/logos/nba/1610612742/primary/L/logo.svg
212,https://cdn.nba.com/logos/nba/1610612747/primary/L/logo.svg
213,https://cdn.nba.com/logos/nba/1610612738/primary/L/logo.svg
213,https://cdn.nba.com/logos/nba/1610612742/primary/L/logo.svg
214,https://cdn.nba.com/logos/nba/1610612741/primary/L/logo.svg
214,https://cdn.nba.com/logos/nba/1610612746/primary/L/logo.svg
214,https://cdn.nba.com/logos/nba/1610612738/primary/L/logo.svg
215,https://cdn.nba.com/logos/nba/1610612747/primary/L/logo.svg
215,https://cdn.nba.com/logos/nba/1610612745/primary/L/logo.svg
215,https://cdn.nba.com/logos/nba/1610612745/primary/L/logo.svg
216,https://cdn.nba.com/logos/nba/1610612745/primary/L/logo.svg
216,https://cdn.nba.com/logos/nba/1610612748/primary/L/logo.svg
217,https://cdn.nba.com/logos/nba/1610612737/primary/L/logo.svg
217,https://cdn.nba.com/logos/nba/1610612743/primary/L/logo.svg
217,https://cdn.nba.com/logos/nba/1610612741/primary/L/logo.svg
218,https://cdn.nba.com/logos/nba/1610612741/primary/L/logo.svg
218,https://cdn.nba.com/logos/nba/1610612743/primary/L/logo.svg
219,https://cdn.nba.com/logos/nba/1610612746/primary/L/logo.svg
219,https://cdn.nba.com/logos/nba/1610612747/primary/L/logo.svg
220,https://cdn.nba.com/logos/nba/1610612747/primary/L/logo.svg
221,https://cdn.nba.com/logos/nba/1610612745/primary/L/logo.svg
221,https://cdn.nba.com/logos/nba/1610612742/primary/L/logo.svg
221,https://cdn.nba.com/logos/nba/1610612744/primary/L/logo.svg
222,https://cdn.nba.com/logos/nba/1610612747/primary/L/logo.svg
223,https://cdn.nba.com/logos/nba/1610612742/primary/L/logo.svg
223,https://cdn.nba.com/logos/nba/1610612743/primary/L/logo.svg
224,https://cdn.nba.com/logos/nba/1610612737/primary/L/logo.svg
224,https://cdn.nba.com/logos/nba/1610612742/primary/L/logo.svg
225,https://cdn.nba.com/logos/nba/1610612737/primary/L/logo.svg
225,https://cdn.nba.com/logos/nba/1610612741/primary/L/logo.svg
226,https://cdn.nba.com/logos/nba/1610612741/primary/L/logo.svg
226,https://cdn.nba.com/logos/nba/1610612745/primary/L/logo.svg
226,https://cdn.nba.com/logos/nba/1610612738/primary/L/logo.svg
227,https://cdn.nba.com/logos/nba/1610612743/primary/L/logo.svg
227,https://cdn.nba.com/logos/nba/1610612742/primary/L/logo.svg
228,https://cdn.nba.com/logos/nba/1610612747/primary/L/logo.svg
229,https://cdn.nba.com/logos/nba/1610612748/primary/L/logo.svg
229,https://cdn.nba.com/logos/nba/1610612737/primary/L/logo.svg
229,https://cdn.nba.com/logos/nba/1610612742/primary/L/logo.svg
230,https://cdn.nba.com/logos/nba/1610612737/primary/L/logo.svg
231,https://cdn.nba.com/logos/nba/1610612742/primary/L/logo.svg
232,https://cdn.nba.com/logos/nba/1610612744/primary/L/logo.svg
233,https://cdn.nba.com/logos/nba/1610612745/primary/L/logo.svg
233,https://cdn.nba.com/logos/nba/1610612741/primary/L/logo.svg
233,https://cdn.nba.com/logos/nba/1610612744/primary/L/logo.svg
234,https://cdn.nba.com/logos/nba/1610612743/primary/L/logo.svg
234,https://cdn.nba.com/logos/nba/1610612746/primary/L/logo.svg
234,https://cdn.nba.com/logos/nba/1610612745/primary/L/logo.svg
235,https://cdn.nba.com/logos/nba/1610612747/primary/L/logo.svg
235,https://cdn.nba.com/logos/nba/1610612737/primary/L/logo.svg
235,https://cdn.nba.com/logos/nba/1610612745/primary/L/logo.svg
236,https://cdn.nba.com/logos/nba/1610612737/primary/L/logo.svg
237,https://cdn.nba.com/logos/nba/1610612737/primary/L/logo.svg
237,https://cdn.nba.com/logos/nba/1610612742/primary/L/logo.svg
237,https://cdn.nba.com/logos/nba/1610612748/primary/L/logo.svg
238,https://cdn.nba.com/logos/nba/1610612744/primary/L/logo.svg
238,https://cdn.nba.com/logos/nba/1610612748/primary/L/logo.svg
238,https://cdn.nba.com/logos/nba/1610612748/primary/L/logo.svg
239,https://cdn.nba.com/logos/nba/1610612737/primary/L/logo.svg
240,https://cdn.nba.com/logos/nba/1610612748/primary/L/logo.svg
241,https://cdn.nba.com/logos/nba/1610612741/primary/L/logo.svg
242,https://cdn.nba.com/logos/nba/1610612743/primary/L/logo.svg
242,https://cdn.nba.com/logos/nba/1610612741/primary/L/logo.svg
242,https://cdn.nba.com/logos/nba/1610612741/primary/L/logo.svg
243,https://cdn.nba.com/logos/nba/1610612738/primary/L/logo.svg
243,https://cdn.nba.com/logos/nba/1610612742/primary/L/logo.svg
244,https://cdn.nba.com/logos/nba/1610612743/primary/L/logo.svg
244,https://cdn.nba.com/logos/nba/1610612738/primary/L/logo.svg
245,https://cdn.nba.com/logos/nba/1610612738/primary/L/logo.svg
245,https://cdn.nba.com/logos/nba/1610612746/primary/L/logo.svg
246,https://cdn.nba.com/logos/nba/1610612741/primary/L/logo.svg
246,https://cdn.nba.com/logos/nba/1610612745/primary/L/logo.svg
247,https://cdn.nba.com/logos/nba/1610612737/primary/L/logo.svg
248,https://cdn.nba.com/logos/nba/1610612745/primary/L/logo.svg
249,https://cdn.nba.com/logos/nba/1610612742/primary/L/logo.svg
249,https://cdn.nba.com/logos/nba/1610612738/primary/L/logo.svg
250,https://cdn.nba.com/logos/nba/1610612743/primary/L/logo.svg
250,https://cdn.nba.com/logos/nba/1610612738/primary/L/logo.svg
250,https://cdn.nba.com/logos/nba/1610612747/primary/L/logo.svg
251,https://cdn.nba.com/logos/nba/1610612742/primary/L/logo.svg
251,https://cdn.nba.com/logos/nba/1610612743/primary/L/logo.svg
252,https://cdn.nba.com/logos/nba/1610612745/primary/L/logo.svg
252,https://cdn.nba.com/logos/nba/1610612747/primary/L/logo.svg
252,https://cdn.nba.com/logos/nba/1610612746/primary/L/logo.svg
253,https://cdn.nba.com/logos/nba/1610612738/primary/L/logo.svg
254,https://cdn.nba.com/logos/nba/1610612741/primary/L/logo.svg
255,https://cdn.nba.com/logos/nba/1610612748/primary/L/logo.svg
256,https://cdn.nba.com/logos/nba/1610612745/primary/L/logo.svg
256,https://cdn.nba.com/logos/nba/1610612743/primary/L/logo.svg
257,https://cdn.nba.com/logos/nba/1610612745/primary/L/logo.svg
258,https://cdn.nba.com/logos/nba/1610612738/primary/L/logo.svg
258,https://cdn.nba.com/logos/nba/1610612742/primary/L/logo.svg
259,https://cdn.nba.com/logos/nba/1610612745/primary/L/logo.svg
260,https://cdn.nba.com/logos/nba/1610612737/primary/L/logo.svg
260,https://cdn.nba.com/logos/nba/1610612741/primary/L/logo.svg
260,https://cdn.nba.com/logos/nba/1610612742/primary/L/logo.svg
261,https://cdn.nba.com/logos/nba/1610612747/primary/L/logo.svg
261,https://cdn.nba.com/logos/nba/1610612745/primary/L/logo.svg
262,https://cdn.nba.com/logos/nba/1610612741/primary/L/logo.svg
262,https://cdn.nba.com/logos/nba/1610612743/primary/L/logo.svg
263,https://cdn.nba.com/logos/nba/1610612742/primary/L/logo.svg
263,https://cdn.nba.com/logos/nba/1610612743/primary/L/logo.svg
263,https://cdn.nba.com/logos/nba/1610612745/primary/L/logo.svg
264,https://cdn.nba.com/logos/nba/1610612745/primary/L/logo.svg
264,https://cdn.nba.com/logos/nba/1610612744/primary/L/logo.svg
265,https://cdn.nba.com/logos/nba/1610612748/primary/L/logo.svg
265,https://cdn.nba.com/logos/nba/1610612748/primary/L/logo.svg
265,https://cdn.nba.com/logos/nba/1610612743/primary/L/logo.svg
266,https://cdn.nba.com/logos/nba/1610612741/primary/L/logo.svg
267,https://cdn.nba.com/logos/nba/1610612745/primary/L/logo.svg
267,https://cdn.nba.com/logos/nba/1610612737/primary/L/logo.svg
268,https://cdn.nba.com/logos/nba/1610612746/primary/L/logo.svg
269,https://cdn.nba.com/logos/nba/1610612744/primary/L/logo.svg
269,https://cdn.nba.com/logos/nba/1610612743/primary/L/logo.svg
270,https://cdn.nba.com/logos/nba/1610612743/primary/L/logo.svg
270,https://cdn.nba.com/logos/nba/1610612745/primary/L/logo.svg
270,https://cdn.nba.com/logos/nba/1610612737/primary/L/logo.svg
271,https://cdn.nba.com/logos/nba/1610612744/primary/L/logo.svg
271,https://cdn.nba.com/logos/nba/1610612741/primary/L/logo.svg
272,https://cdn.nba.com/logos/nba/1610612748/primary/L/logo.svg
273,https://cdn.nba.com/logos/nba/1610612744/primary/L/logo.svg
274,https://cdn.nba.com/logos/nba/1610612743/primary/L/logo.svg
274,https://cdn.nba.com/logos/nba/1610612741/primary/L/logo.svg
274,https://cdn.nba.com/logos/nba/1610612738/primary/L/logo.svg
275,https://cdn.nba.com/logos/nba/1610612741/primary/L/logo.svg
276,https://cdn.nba.com/logos/nba/1610612744/primary/L/logo.svg
277,https://cdn.nba.com/logos/nba/1610612745/primary/L/logo.svg
277,https://cdn.nba.com/logos/nba/1610612738/primary/L/logo.svg
278,https://cdn.nba.com/logos/nba/1610612748/primary/L/logo.svg
278,https://cdn.nba.com/logos/nba/1610612748/primary/L/logo.svg
279,https://cdn.nba.com/logos/nba/1610612747/primary/L/logo.svg
279,https://cdn.nba.com/logos/nba/1610612742/primary/L/logo.svg
280,https://cdn.nba.com/logos/nba/1610612737/primary/L/logo.svg
281,https://cdn.nba.com/logos/nba/1610612743/primary/L/logo.svg
281,https://cdn.nba.com/logos/nba/1610612743/primary/L/logo.svg
282,https://cdn.nba.com/logos/nba/1610612738/primary/L/logo.svg
282,https://cdn.nba.com/logos/nba/1610612738/primary/L/logo.svg
282,https://cdn.nba.com/logos/nba/1610612737/primary/L/logo.svg
283,https://cdn.nba.com/logos/nba/1610612741/primary/L/logo.svg
283,https://cdn.nba.com/logos/nba/1610612738/primary/L/logo.svg
284,https://cdn.nba.com/logos/nba/1610612737/primary/L/logo.svg
284,https://cdn.nba.com/logos/nba/1610612741/primary/L/logo.svg
284,https://cdn.nba.com/logos/nba/1610612738/primary/L/logo.svg
285,https://cdn.nba.com/logos/nba/1610612738/primary/L/logo.svg
285,https://cdn.nba.com/logos/nba/1610612745/primary/L/logo.svg
286,https://cdn.nba.com/logos/nba/1610612744/primary/L/logo.svg
287,https://cdn.nba.com/logos/nba/1610612741/primary/L/logo.svg
287,https://cdn.nba.com/logos/nba/1610612747/primary/L/logo.svg
287,https://cdn.nba.com/logos/nba/1610612746/primary/L/logo.svg
288,https://cdn.nba.com/logos/nba/1610612745/primary/L/logo.svg
288,https://cdn.nba.com/logos/nba/1610612745/primary/L/logo.svg
288,https://cdn.nba.com/logos/nba/1610612742/primary/L/logo.svg
289,https://cdn.nba.com/logos/nba/1610612745/primary/L/logo.svg
290,https://cdn.nba.com/logos/nba/1610612742/primary/L/logo.svg
291,https://cdn.nba.com/logos/nba/1610612744/primary/L/logo.svg
291,https://cdn.nba.com/logos/nba/1610612743/primary/L/logo.svg
292,https://cdn.nba.com/logos/nba/1610612748/primary/L/logo.svg
292,https://cdn.nba.com/logos/nba/1610612742/primary/L/logo.svg
293,https://cdn.nba.com/logos/nba/1610612748/primary/L/logo.svg
293,https://cdn.nba.com/logos/nba/1610612738/primary/L/logo.svg
293,https://cdn.nba.com/logos/nba/1610612746/primary/L/logo.svg
294,https://cdn.nba.com/logos/nba/1610612741/primary/L/logo.svg
295,https://cdn.nba.com/logos/nba/1610612741/primary/L/logo.svg
296,https://cdn.nba.com/logos/nba/1610612741/primary/L/logo.svg
296,https://cdn.nba.com/logos/nba/1610612741/primary/L/logo.svg
296,https://cdn.nba.com/logos/nba/1610612747/primary/L/logo.svg
297,https://cdn.nba.com/logos/nba/1610612745/primary/L/logo.svg
298,https://cdn.nba.com/logos/nba/1610612743/primary/L/logo.svg
298,https://cdn.nba.com/logos/nba/1610612742/primary/L/logo.svg
298,https://cdn.nba.com/logos/nba/1610612747/primary/L/logo.svg
299,https://cdn.nba.com/logos/nba/1610612745/primary/L/logo.svg
299,https://cdn.nba.com/logos/nba/1610612745/primary/L/logo.svg
300,https://cdn.nba.com/logos/nba/1610612747/primary/L/logo.svg
300,https://cdn.nba.com/logos/nba/1610612748/primary/L/logo.svg
300,https://cdn.nba.com/logos/nba/1610612742/primary/L/logo.svg
301,https://cdn.nba.com/logos/nba/1610612745/primary/L/logo.svg
302,https://cdn.nba.com/logos/nba/1610612744/primary/L/logo.svg
303,https://cdn.nba.com/logos/nba/1610612741/primary/L/logo.svg
303,https://cdn.nba.com/logos/nba/1610612745/primary/L/logo.svg
303,https://cdn.nba.com/logos/nba/1610612747/primary/L/logo.svg
304,https://cdn.nba.com/logos/nba/1610612746/primary/L/logo.svg
304,https://cdn.nba.com/logos/nba/1610612747/primary/L/logo.svg
304,https://cdn.nba.com/logos/nba/1610612737/primary/L/logo.svg
305,https://cdn.nba.com/logos/nba/1610612747/primary/L/logo.svg
305,https://cdn.nba.com/logos/nba/1610612743/primary/L/logo.svg
306,https://cdn.nba.com/logos/nba/1610612741/primary/L/logo.svg
307,https://cdn.nba.com/logos/nba/1610612741/primary/L/logo.svg
307,https://cdn.nba.com/logos/nba/1610612737/primary/L/logo.svg
307,https://cdn.nba.com/logos/nba/1610612746/primary/L/logo.svg
308,https://cdn.nba.com/logos/nba/1610612745/primary/L/logo.svg
308,https://cdn.nba.com/logos/nba/1610612745/primary/L/logo.svg
309,https://cdn.nba.com/logos/nba/1610612748/primary/L/logo.svg
310,https://cdn.nba.com/logos/nba/1610612737/primary/L/logo.svg
310,https://cdn.nba.com/logos/nba/1610612746/primary/L/logo.svg
311,https://cdn.nba.com/logos/nba/1610612747/primary/L/logo.svg
312,https://cdn.nba.com/logos/nba/1610612747/primary/L/logo.svg
312,https://cdn.nba.com/logos/nba/1610612741/primary/L/logo.svg
313,https://cdn.nba.com/logos/nba/1610612747/primary/L/logo.svg
313,https://cdn.nba.com/logos/nba/1610612738/primary/L/logo.svg
314,https://cdn.nba.com/logos/nba/1610612743/primary/L/logo.svg
315,https://cdn.nba.com/logos/nba/1610612748/primary/L/logo.svg
315,https://cdn.nba.com/logos/nba/1610612744/primary/L/logo.svg
315,https://cdn.nba.com/logos/nba/1610612744/primary/L/logo.svg
316,https://cdn.nba.com/logos/nba/1610612741/primary/L/logo.svg
316,https://cdn.nba.com/logos/nba/1610612744/primary/L/logo.svg
317,https://cdn.nba.com/logos/nba/1610612743/primary/L/logo.svg
318,https://cdn.nba.com/logos/nba/1610612748/primary/L/logo.svg
318,https://cdn.nba.com/logos/nba/1610612742/primary/L/logo.svg
319,https://cdn.nba.com/logos/nba/1610612747/primary/L/logo.svg
319,https://cdn.nba.com/logos/nba/1610612747/primary/L/logo.svg
320,https://cdn.nba.com/logos/nba/1610612748/primary/L/logo.svg
320,https://cdn.nba.com/logos/nba/1610612741/primary/L/logo.svg
320,https://cdn.nba.com/logos/nba/1610612746/primary/L/logo.svg
321,https://cdn.nba.com/logos/nba/1610612744/primary/L/logo.svg
321,https://cdn.nba.com/logos/nba/1610612745/primary/L/logo.svg
321,https://cdn.nba.com/logos/nba/1610612746/primary/L/logo.svg
322,https://cdn.nba.com/logos/nba/1610612745/primary/L/logo.svg
323,https://cdn.nba.com/logos/nba/1610612748/primary/L/logo.svg
323,https://cdn.nba.com/logos/nba/1610612737/primary/L/logo.svg
324,https://cdn.nba.com/logos/nba/1610612738/primary/L/logo.svg
324,https://cdn.nba.com/logos/nba/1610612742/primary/L/logo.svg
324,https://cdn.nba.com/logos/nba/1610612745/primary/L/logo.svg
325,https://cdn.nba.com/logos/nba/1610612737/primary/L/logo.svg
326,https://cdn.nba.com/logos/nba/1610612748/primary/L/logo.svg
326,https://cdn.nba.com/logos/nba/1610612737/primary/L/logo.svg
326,https://cdn.nba.com/logos/nba/1610612743/primary/L/logo.svg
327,https://cdn.nba.com/logos/nba/1610612748/primary/L/logo.svg
328,https://cdn.nba.com/logos/nba/1610612747/primary/L/logo.svg
329,https://cdn.nba.com/logos/nba/1610612741/primary/L/logo.svg
329,https://cdn.nba.com/logos/nba/1610612748/primary/L/logo.svg
329,https://cdn.nba.com/logos/nba/1610612747/primary/L/logo.svg
330,https://cdn.nba.com/logos/nba/1610612748/primary/L/logo.svg
330,https://cdn.nba.com/logos/nba/1610612738/primary/L/logo.svg
330,https://cdn.nba.com/logos/nba/1610612745/primary/L/logo.svg
331,https://cdn.nba.com/logos/nba/1610612737/primary/L/logo.svg
332,https://cdn.nba.com/logos/nba/1610612743/primary/L/logo.svg
332,https://cdn.nba.com/logos/nba/1610612747/primary/L/logo.svg
333,https://cdn.nba.com/logos/nba/1610612747/primary/L/logo.svg
333,https://cdn.nba.com/logos/nba/1610612747/primary/L/logo.svg
334,https://cdn.nba.com/logos/nba/1610612741/primary/L/logo.svg
334,https://cdn.nba.com/logos/nba/1610612738/primary/L/logo.svg
334,https://cdn.nba.com/logos/nba/1610612742/primary/L/logo.svg
335,https://cdn.nba.com/logos/nba/1610612738/primary/L/logo.svg
336,https://cdn.nba.com/logos/nba/1610612748/primary/L/logo.svg
336,https://cdn.nba.com/logos/nba/1610612737/primary/L/logo.svg
336,https://cdn.nba.com/logos/nba/1610612741/primary/L/logo.svg
337,https://cdn.nba.com/logos/nba/1610612742/primary/L/logo.svg
337,https://cdn.nba.com/logos/nba/1610612748/primary/L/logo.svg
337,https://cdn.nba.com/logos/nba/1610612741/primary/L/logo.svg
338,https://cdn.nba.com/logos/nba/1610612748/primary/L/logo.svg
338,https://cdn.nba.com/logos/nba/1610612742/primary/L/logo.svg
339,https://cdn.nba.com/logos/nba/1610612748/primary/L/logo.svg
339,https://cdn.nba.com/logos/nba/1610612737/primary/L/logo.svg
340,https://cdn.nba.com/logos/nba/1610612743/primary/L/logo.svg
340,https://cdn.nba.com/logos/nba/1610612746/primary/L/logo.svg
340,https://cdn.nba.com/logos/nba/1610612745/primary/L/logo.svg
341,https://cdn.nba.com/logos/nba/1610612742/primary/L/logo.svg
341,https://cdn.nba.com/logos/nba/1610612742/primary/L/logo.svg
341,https://cdn.nba.com/logos/nba/1610612744/primary/L/logo.svg
342,https://cdn.nba.com/logos/nba/1610612741/primary/L/logo.svg
342,https://cdn.nba.com/logos/nba/1610612746/primary/L/logo.svg
342,https://cdn.nba.com/logos/nba/1610612744/primary/L/logo.svg
343,https://cdn.nba.com/logos/nba/1610612742/primary/L/logo.svg
344,https://cdn.nba.com/logos/nba/1610612747/primary/L/logo.svg
345,https://cdn.nba.com/logos/nba/1610612748/primary/L/logo.svg
346,https://cdn.nba.com/logos/nba/1610612747/primary/L/logo.svg
346,https://cdn.nba.com/logos/nba/1610612746/primary/L/logo.svg
346,https://cdn.nba.com/logos/nba/1610612744/primary/L/logo.svg
347,https://cdn.nba.com/logos/nba/1610612742/primary/L/logo.svg
347,https://cdn.nba.com/logos/nba/1610612743/primary/L/logo.svg
348,https://cdn.nba.com/logos/nba/1610612743/primary/L/logo.svg
348,https://cdn.nba.com/logos/nba/1610612746/primary/L/logo.svg
349,https://cdn.nba.com/logos/nba/1610612741/primary/L/logo.svg
349,https://cdn.nba.com/logos/nba/1610612746/primary/L/logo.svg
349,https://cdn.nba.com/logos/nba/1610612737/primary/L/logo.svg
350,https://cdn.nba.com/logos/nba/1610612738/primary/L/logo.svg
350,https://cdn.nba.com/logos/nba/1610612741/primary/L/logo.svg
351,https://cdn.nba.com/logos/nba/1610612747/primary/L/logo.svg
351,https://cdn.nba.com/logos/nba/1610612743/primary/L/logo.svg
351,https://cdn.nba.com/logos/nba/1610612744/primary/L/logo.svg
352,https://cdn.nba.com/logos/nba/1610612746/primary/L/logo.svg
352,https://cdn.nba.com/logos/nba/1610612738/primary/L/logo.svg
353,https://cdn.nba.com/logos/nba/1610612738/primary/L/logo.svg
354,https://cdn.nba.com/logos/nba/1610612746/primary/L/logo.svg
354,https://cdn.nba.com/logos/nba/1610612744/primary/L/logo.svg
355,https://cdn.nba.com/logos/nba/1610612741/primary/L/logo.svg
356,https://cdn.nba.com/logos/nba/1610612743/primary/L/logo.svg
357,https://cdn.nba.com/logos/nba/1610612747/primary/L/logo.svg
358,https://cdn.nba.com/logos/nba/1610612747/primary/L/logo.svg
359,https://cdn.nba.com/logos/nba/1610612745/primary/L/logo.svg
359,https://cdn.nba.com/logos/nba/1610612743/primary/L/logo.svg
360,https://cdn.nba.com/logos/nba/1610612743/primary/L/logo.svg
360,https://cdn.nba.com/logos/nba/1610612737/primary/L/logo.svg
361,https://cdn.nba.com/logos/nba/1610612745/primary/L/logo.svg
362,https://cdn.nba.com/logos/nba/1610612747/primary/L/logo.svg
362,https://cdn.nba.com/logos/nba/1610612743/primary/L/logo.svg
363,https://cdn.nba.com/logos/nba/1610612748/primary/L/logo.svg
363,https://cdn.nba.com/logos/nba/1610612746/primary/L/logo.svg
364,https://cdn.nba.com/logos/nba/1610612746/primary/L/logo.svg
364,https://cdn.nba.com/logos/nba/1610612737/primary/L/logo.svg
364,https://cdn.nba.com/logos/nba/1610612742/primary/L/logo.svg
365,https://cdn.nba.com/logos/nba/1610612737/primary/L/logo.svg
365,https://cdn.nba.com/logos/nba/1610612744/primary/L/logo.svg
365,https://cdn.nba.com/logos/nba/1610612738/primary/L/logo.svg
366,https://cdn.nba.com/logos/nba/1610612742/primary/L/logo.svg
367,https://cdn.nba.com/logos/nba/1610612745/primary/L/logo.svg
367,https://cdn.nba.com/logos/nba/1610612743/primary/L/logo.svg
368,https://cdn.nba.com/logos/nba/1610612742/primary/L/logo.svg
368,https://cdn.nba.com/logos/nba/1610612738/primary/L/logo.svg
368,https://cdn.nba.com/logos/nba/1610612742/primary/L/logo.svg
369,https://cdn.nba.com/logos/nba/1610612746/primary/L/logo.svg
369,https://cdn.nba.com/logos/nba/1610612748/primary/L/logo.svg
369,https://cdn.nba.com/logos/nba/1610612741/primary/L/logo.svg
370,https://cdn.nba.com/logos/nba/1610612744/primary/L/logo.svg
371,https://cdn.nba.com/logos/nba/1610612742/primary/L/logo.svg
371,https://cdn.nba.com/logos/nba/1610612737/primary/L/logo.svg
371,https://cdn.nba.com/logos/nba/1610612745/primary/L/logo.svg
372,https://cdn.nba.com/logos/nba/1610612741/primary/L/logo.svg
372,https://cdn.nba.com/logos/nba/1610612747/primary/L/logo.svg
372,https://cdn.nba.com/logos/nba/1610612744/primary/L/logo.svg
373,https://cdn.nba.com/logos/nba/1610612737/primary/L/logo.svg
373,https://cdn.nba.com/logos/nba/1610612747/primary/L/logo.svg
374,https://cdn.nba.com/logos/nba/1610612747/primary/L/logo.svg
375,https://cdn.nba.com/logos/nba/1610612741/primary/L/logo.svg
376,https://cdn.nba.com/logos/nba/1610612746/primary/L/logo.svg
376,https://cdn.nba.com/logos/nba/1610612747/primary/L/logo.svg
376,https://cdn.nba.com/logos/nba/1610612748/primary/L/logo.svg
377,https://cdn.nba.com/logos/nba/1610612737/primary/L/logo.svg
377,https://cdn.nba.com/logos/nba/1610612744/primary/L/logo.svg
377,https://cdn.nba.com/logos/nba/1610612747/primary/L/logo.svg
378,https://cdn.nba.com/logos/nba/1610612742/primary/L/logo.svg
379,https://cdn.nba.com/logos/nba/1610612746/primary/L/logo.svg
379,https://cdn.nba.com/logos/nba/1610612745/primary/L/logo.svg
379,https://cdn.nba.com/logos/nba/1610612738/primary/L/logo.svg
380,https://cdn.nba.com/logos/nba/1610612745/primary/L/logo.svg
380,https://cdn.nba.com/logos/nba/1610612744/primary/L/logo.svg
381,https://cdn.nba.com/logos/nba/1610612737/primary/L/logo.svg
381,https://cdn.nba.com/logos/nba/1610612747/primary/L/logo.svg
381,https://cdn.nba.com/logos/nba/1610612741/primary/L/logo.svg
382,https://cdn.nba.com/logos/nba/1610612747/primary/L/logo.svg
382,https://cdn.nba.com/logos/nba/1610612748/primary/L/logo.svg
382,https://cdn.nba.com/logos/nba/1610612748/primary/L/logo.svg
383,https://cdn.nba.com/logos/nba/1610612743/primary/L/logo.svg
384,https://cdn.nba.com/logos/nba/1610612743/primary/L/logo.svg
384,https://cdn.nba.com/logos/nba/1610612737/primary/L/logo.svg
384,https://cdn.nba.com/logos/nba/1610612748/primary/L/logo.svg
385,https://cdn.nba.com/logos/nba/1610612745/primary/L/logo.svg
386,https://cdn.nba.com/logos/nba/1610612745/primary/L/logo.svg
386,https://cdn.nba.com/logos/nba/1610612746/primary/L/logo.svg
386,https://cdn.nba.com/logos/nba/1610612748/primary/L/logo.svg
387,https://cdn.nba.com/logos/nba/1610612737/primary/L/logo.svg
387,https://cdn.nba.com/logos/nba/1610612747/primary/L/logo.svg
387,https://cdn.nba.com/logos/nba/1610612745/primary/L/logo.svg
388,https://cdn.nba.com/logos/nba/1610612748/primary/L/logo.svg
388,https://cdn.nba.com/logos/nba/1610612742/primary/L/logo.svg
388,https://cdn.nba.com/logos/nba/1610612747/primary/L/logo.svg
389,https://cdn.nba.com/logos/nba/1610612744/primary/L/logo.svg
389,https://cdn.nba.com/logos/nba/1610612744/primary/L/logo.svg
390,https://cdn.nba.com/logos/nba/1610612737/primary/L/logo.svg
390,https://cdn.nba.com/logos/nba/1610612742/primary/L/logo.svg
391,https://cdn.nba.com/logos/nba/1610612738/primary/L/logo.svg
391,https://cdn.nba.com/logos/nba/1610612743/primary/L/logo.svg
392,https://cdn.nba.com/logos/nba/1610612748/primary/L/logo.svg
392,https://cdn.nba.com/logos/nba/1610612741/primary/L/logo.svg
393,https://cdn.nba.com/logos/nba/1610612746/primary/L/logo.svg
394,https://cdn.nba.com/logos/nba/1610612747/primary/L/logo.svg
394,https://cdn.nba.com/logos/nba/1610612738/primary/L/logo.svg
395,https://cdn.nba.com/logos/nba/1610612743/primary/L/logo.svg
395,https://cdn.nba.com/logos/nba/1610612744/primary/L/logo.svg
395,https://cdn.nba.com/logos/nba/1610612746/primary/L/logo.svg
396,https://cdn.nba.com/logos/nba/1610612743/primary/L/logo.svg
397,https://cdn.nba.com/logos/nba/1610612748/primary/L/logo.svg
397,https://cdn.nba.com/logos/nba/1610612742/primary/L/logo.svg
397,https://cdn.nba.com/logos/nba/1610612745/primary/L/logo.svg
398,https://cdn.nba.com/logos/nba/1610612747/primary/L/logo.svg
398,https://cdn.nba.com/logos/nba/1610612742/primary/L/logo.svg
398,https://cdn.nba.com/logos/nba/1610612741/primary/L/logo.svg
399,https://cdn.nba.com/logos/nba/1610612741/primary/L/logo.svg
399,https://cdn.nba.com/logos/nba/1610612737/primary/L/logo.svg
400,https://cdn.nba.com/logos/nba/1610612737/primary/L/logo.svg
401,https://cdn.nba.com/logos/nba/1610612746/primary/L/logo.svg
401,https://cdn.nba.com/logos/nba/1610612744/primary/L/logo.svg
401,https://cdn.nba.com/logos/nba/1610612741/primary/L/logo.svg
402,https://cdn.nba.com/logos/nba/1610612742/primary/L/logo.svg
402,https://cdn.nba.com/logos/nba/1610612742/primary/L/logo.svg
403,https://cdn.nba.com/logos/nba/1610612745/primary/L/logo.svg
403,https://cdn.nba.com/logos/nba/1610612744/primary/L/logo.svg
403,https://cdn.nba.com/logos/nba/1610612745/primary/L/logo.svg
404,https://cdn.nba.com/logos/nba/1610612747/primary/L/logo.svg
404,https://cdn.nba.com/logos/nba/1610612737/primary/L/logo.svg
405,https://cdn.nba.com/logos/nba/1610612747/primary/L/logo.svg
406,https://cdn.nba.com/logos/nba/1610612744/primary/L/logo.svg
406,https://cdn.nba.com/logos/nba/1610612746/primary/L/logo.svg
407,https://cdn.nba.com/logos/nba/1610612738/primary/L/logo.svg
407,https://cdn.nba.com/logos/nba/1610612738/primary/L/logo.svg
407,https://cdn.nba.com/logos/nba/1610612738/primary/L/logo.svg
408,https://cdn.nba.com/logos/nba/1610612741/primary/L/logo.svg
408,https://cdn.nba.com/logos/nba/1610612741/primary/L/logo.svg
408,https://cdn.nba.com/logos/nba/1610612741/primary/L/logo.svg
409,https://cdn.nba.com/logos/nba/1610612737/primary/L/logo.svg
410,https://cdn.nba.com/logos/nba/1610612746/primary/L/logo.svg
410,https://cdn.nba.com/logos/nba/1610612746/primary/L/logo.svg
410,https://cdn.nba.com/logos/nba/1610612745/primary/L/logo.svg
411,https://cdn.nba.com/logos/nba/1610612741/primary/L/logo.svg
412,https://cdn.nba.com/logos/nba/1610612748/primary/L/logo.svg
412,https://cdn.nba.com/logos/nba/1610612748/primary/L/logo.svg
412,https://cdn.nba.com/logos/nba/1610612747/primary/L/logo.svg
413,https://cdn.nba.com/logos/nba/1610612738/primary/L/logo.svg
413,https://cdn.nba.com/logos/nba/1610612743/primary/L/logo.svg
413,https://cdn.nba.com/logos/nba/1610612746/primary/L/logo.svg
414,https://cdn.nba.com/logos/nba/1610612747/primary/L/logo.svg
414,https://cdn.nba.com/logos/nba/1610612738/primary/L/logo.svg
414,https://cdn.nba.com/logos/nba/1610612746/primary/L/logo.svg
415,https://cdn.nba.com/logos/nba/1610612741/primary/L/logo.svg
415,https://cdn.nba.com/logos/nba/1610612748/primary/L/logo.svg
416,https://cdn.nba.com/logos/nba/1610612745/primary/L/logo.svg
416,https://cdn.nba.com/logos/nba/1610612737/primary/L/logo.svg
417,https://cdn.nba.com/logos/nba/1610612747/primary/L/logo.svg
417,https://cdn.nba.com/logos/nba/1610612744/primary/L/logo.svg
417,https://cdn.nba.com/logos/nba/1610612737/primary/L/logo.svg
418,https://cdn.nba.com/logos/nba/1610612737/primary/L/logo.svg
418,https://cdn.nba.com/logos/nba/1610612741/primary/L/logo.svg
419,https://cdn.nba.com/logos/nba/1610612744/primary/L/logo.svg
419,https://cdn.nba.com/logos/nba/1610612747/primary/L/logo.svg
419,https://cdn.nba.com/logos/nba/1610612747/primary/L/logo.svg
420,https://cdn.nba.com/logos/nba/1610612748/primary/L/logo.svg
421,https://cdn.nba.com/logos/nba/1610612746/primary/L/logo.svg
421,https://cdn.nba.com/logos/nba/1610612743/primary/L/logo.svg
422,https://cdn.nba.com/logos/nba/1610612747/primary/L/logo.svg
422,https://cdn.nba.com/logos/nba/1610612741/primary/L/logo.svg
423,https://cdn.nba.com/logos/nba/1610612737/primary/L/logo.svg
423,https://cdn.nba.com/logos/nba/1610612746/primary/L/logo.svg
423,https://cdn.nba.com/logos/nba/1610612745/primary/L/logo.svg
424,https://cdn.nba.com/logos/nba/1610612748/primary/L/logo.svg
425,https://cdn.nba.com/logos/nba/1610612741/primary/L/logo.svg
425,https://cdn.nba.com/logos/nba/1610612741/primary/L/logo.svg
426,https://cdn.nba.com/logos/nba/1610612742/primary/L/logo.svg
426,https://cdn.nba.com/logos/nba/1610612741/primary/L/logo.svg
426,https://cdn.nba.com/logos/nba/1610612738/primary/L/logo.svg
427,https://cdn.nba.com/logos/nba/1610612738/primary/L/logo.svg
428,https://cdn.nba.com/logos/nba/1610612746/primary/L/logo.svg
429,https://cdn.nba.com/logos/nba/1610612742/primary/L/logo.svg
430,https://cdn.nba.com/logos/nba/1610612738/primary/L/logo.svg
430,https://cdn.nba.com/logos/nba/1610612744/primary/L/logo.svg
431,https://cdn.nba.com/logos/nba/1610612738/primary/L/logo.svg
431,https://cdn.nba.com/logos/nba/1610612743/primary/L/logo.svg
431,https://cdn.nba.com/logos/nba/1610612747/primary/L/logo.svg
432,https://cdn.nba.com/logos/nba/1610612748/primary/L/logo.svg
432,https://cdn.nba.com/logos/nba/1610612745/primary/L/logo.svg
432,https://cdn.nba.com/logos/nba/1610612745/primary/L/logo.svg
433,https://cdn.nba.com/logos/nba/1610612746/primary/L/logo.svg
434,https://cdn.nba.com/logos/nba/1610612742/primary/L/logo.svg
435,https://cdn.nba.com/logos/nba/1610612744/primary/L/logo.svg
436,https://cdn.nba.com/logos/nba/1610612744/primary/L/logo.svg
437,https://cdn.nba.com/logos/nba/1610612744/primary/L/logo.svg
437,https://cdn.nba.com/logos/nba/1610612745/primary/L/logo.svg
437,https://cdn.nba.com/logos/nba/1610612745/primary/L/logo.svg
438,https://cdn.nba.com/logos/nba/1610612743/primary/L/logo.svg
439,https://cdn.nba.com/logos/nba/1610612741/primary/L/logo.svg
440,https://cdn.nba.com/logos/nba/1610612745/primary/L/logo.svg
441,https://cdn.nba.com/logos/nba/1610612748/primary/L/logo.svg
442,https://cdn.nba.com/logos/nba/1610612738/primary/L/logo.svg
442,https://cdn.nba.com/logos/nba/1610612747/primary/L/logo.svg
442,https://cdn.nba.com/logos/nba/1610612748/primary/L/logo.svg
443,https://cdn.nba.com/logos/nba/1610612743/primary/L/logo.svg
443,https://cdn.nba.com/logos/nba/1610612743/primary/L/logo.svg
444,https://cdn.nba.com/logos/nba/1610612748/primary/L/logo.svg
444,https://cdn.nba.com/logos/nba/1610612737/primary/L/logo.svg
444,https://cdn.nba.com/logos/nba/1610612743/primary/L/logo.svg
445,https://cdn.nba.com/logos/nba/1610612738/primary/L/logo.svg
446,https://cdn.nba.com/logos/nba/1610612744/primary/L/logo.svg
447,https://cdn.nba.com/logos/nba/1610612748/primary/L/logo.svg
448,https://cdn.nba.com/logos/nba/1610612747/primary/L/logo.svg
448,https://cdn.nba.com/logos/nba/1610612742/primary/L/logo.svg
448,https://cdn.nba.com/logos/nba/1610612745/primary/L/logo.svg
449,https://cdn.nba.com/logos/nba/1610612737/primary/L/logo.svg
449,https://cdn.nba.com/logos/nba/1610612738/primary/L/logo.svg
449,https://cdn.nba.com/logos/nba/1610612747/primary/L/logo.svg
450,https://cdn.nba.com/logos/nba/1610612742/primary/L/logo.svg
450,https://cdn.nba.com/logos/nba/1610612748/primary/L/logo.svg
451,https://cdn.nba.com/logos/nba/1610612746/primary/L/logo.svg
452,https://cdn.nba.com/logos/nba/1610612742/primary/L/logo.svg
452,https://cdn.nba.com/logos/nba/1610612748/primary/L/logo.svg
452,https://cdn.nba.com/logos/nba/1610612738/primary/L/logo.svg
453,https://cdn.nba.com/logos/nba/1610612738/primary/L/logo.svg
453,https://cdn.nba.com/logos/nba/1610612746/primary/L/logo.svg
453,https://cdn.nba.com/logos/nba/1610612743/primary/L/logo.svg
454,https://cdn.nba.com/logos/nba/1610612743/primary/L/logo.svg
454,https://cdn.nba.com/logos/nba/1610612741/primary/L/logo.svg
455,https://cdn.nba.com/logos/nba/1610612742/primary/L/logo.svg
455,https://cdn.nba.com/logos/nba/1610612748/primary/L/logo.svg
456,https://cdn.nba.com/logos/nba/1610612746/primary/L/logo.svg
457,https://cdn.nba.com/logos/nba/1610612746/primary/L/logo.svg
457,https://cdn.nba.com/logos/nba/1610612746/primary/L/logo.svg
457,https://cdn.nba.com/logos/nba/1610612745/primary/L/logo.svg
458,https://cdn.nba.com/logos/nba/1610612743/primary/L/logo.svg
458,https://cdn.nba.com/logos/nba/1610612745/primary/L/logo.svg
458,https://cdn.nba.com/logos/nba/1610612737/primary/L/logo.svg
459,https://cdn.nba.com/logos/nba/1610612742/primary/L/logo.svg
459,https://cdn.nba.com/logos/nba/1610612743/primary/L/logo.svg
460,https://cdn.nba.com/logos/nba/1610612748/primary/L/logo.svg
461,https://cdn.nba.com/logos/nba/1610612737/primary/L/logo.svg
461,https://cdn.nba.com/logos/nba/1610612744/primary/L/logo.svg
462,https://cdn.nba.com/logos/nba/1610612741/primary/L/logo.svg
462,https://cdn.nba.com/logos/nba/1610612746/primary/L/logo.svg
462,https://cdn.nba.com/logos/nba/1610612737/primary/L/logo.svg
463,https://cdn.nba.com/logos/nba/1610612741/primary/L/logo.svg
463,https://cdn.nba.com/logos/nba/1610612748/primary/L/logo.svg
463,https://cdn.nba.com/logos/nba/1610612738/primary/L/logo.svg
464,https://cdn.nba.com/logos/nba/1610612738/primary/L/logo.svg
464,https://cdn.nba.com/logos/nba/1610612748/primary/L/logo.svg
465,https://cdn.nba.com/logos/nba/1610612744/primary/L/logo.svg
466,https://cdn.nba.com/logos/nba/1610612738/primary/L/logo.svg
466,https://cdn.nba.com/logos/nba/1610612737/primary/L/logo.svg
467,https://cdn.nba.com/logos/nba/1610612746/primary/L/logo.svg
467,https://cdn.nba.com/logos/nba/1610612745/primary/L/logo.svg
467,https://cdn.nba.com/logos/nba/1610612742/primary/L/logo.svg
468,https://cdn.nba.com/logos/nba/1610612738/primary/L/logo.svg
469,https://cdn.nba.com/logos/nba/1610612741/primary/L/logo.svg
469,https://cdn.nba.com/logos/nba/1610612741/primary/L/logo.svg
470,https://cdn.nba.com/logos/nba/1610612737/primary/L/logo.svg
471,https://cdn.nba.com/logos/nba/1610612745/primary/L/logo.svg
471,https://cdn.nba.com/logos/nba/1610612742/primary/L/logo.svg
472,https://cdn.nba.com/logos/nba/1610612738/primary/L/logo.svg
473,https://cdn.nba.com/logos/nba/1610612746/primary/L/logo.svg
474,https://cdn.nba.com/logos/nba/1610612738/primary/L/logo.svg
475,https://cdn.nba.com/logos/nba/1610612748/primary/L/logo.svg
476,https://cdn.nba.com/logos/nba/1610612744/primary/L/logo.svg
477,https://cdn.nba.com/logos/nba/1610612747/primary/L/logo.svg
477,https://cdn.nba.com/logos/nba/1610612745/primary/L/logo.svg
478,https://cdn.nba.com/logos/nba/1610612744/primary/L/logo.svg
479,https://cdn.nba.com/logos/nba/1610612746/primary/L/logo.svg
480,https://cdn.nba.com/logos/nba/1610612744/primary/L/logo.svg
480,https://cdn.nba.com/logos/nba/1610612747/primary/L/logo.svg
481,https://cdn.nba.com/logos/nba/1610612744/primary/L/logo.svg
481,https://cdn.nba.com/logos/nba/1610612737/primary/L/logo.svg
481,https://cdn.nba.com/logos/nba/1610612738/primary/L/logo.svg
482,https://cdn.nba.com/logos/nba/1610612742/primary/L/logo.svg
482,https://cdn.nba.com/logos/nba/1610612741/primary/L/logo.svg
482,https://cdn.nba.com/logos/nba/1610612744/primary/L/logo.svg
483,https://cdn.nba.com/logos/nba/1610612737/primary/L/logo.svg
483,https://cdn.nba.com/logos/nba/1610612738/primary/L/logo.svg
484,https://cdn.nba.com/logos/nba/1610612748/primary/L/logo.svg
484,https://cdn.nba.com/logos/nba/1610612744/primary/L/logo.svg
485,https://cdn.nba.com/logos/nba/1610612738/primary/L/logo.svg
485,https://cdn.nba.com/logos/nba/1610612741/primary/L/logo.svg
486,https://cdn.nba.com/logos/nba/1610612746/primary/L/logo.svg
486,https://cdn.nba.com/logos/nba/1610612737/primary/L/logo.svg
487,https://cdn.nba.com/logos/nba/1610612748/primary/L/logo.svg
487,https://cdn.nba.com/logos/nba/1610612747/primary/L/logo.svg
488,https://cdn.nba.com/logos/nba/1610612741/primary/L/logo.svg
489,https://cdn.nba.com/logos/nba/1610612742/primary/L/logo.svg
490,https://cdn.nba.com/logos/nba/1610612744/primary/L/logo.svg
490,https://cdn.nba.com/logos/nba/1610612744/primary/L/logo.svg
490,https://cdn.nba.com/logos/nba/1610612741/primary/L/logo.svg
491,https://cdn.nba.com/logos/nba/1610612737/primary/L/logo.svg
492,https://cdn.nba.com/logos/nba/1610612747/primary/L/logo.svg
493,https://cdn.nba.com/logos/nba/1610612742/primary/L/logo.svg
493,https://cdn.nba.com/logos/nba/1610612748/primary/L/logo.svg
493,https://cdn.nba.com/logos/nba/1610612747/primary/L/logo.svg
494,https://cdn.nba.com/logos/nba/1610612746/primary/L/logo.svg
495,https://cdn.nba.com/logos/nba/1610612744/primary/L/logo.svg
495,https://cdn.nba.com/logos/nba/1610612743/primary/L/logo.svg
496,https://cdn.nba.com/logos/nba/1610612748/primary/L/logo.svg
497,https://cdn.nba.com/logos/nba/1610612743/primary/L/logo.svg
497,https://cdn.nba.com/logos/nba/1610612745/primary/L/logo.svg
498,https://cdn.nba.com/logos/nba/1610612743/primary/L/logo.svg
498,https://cdn.nba.com/logos/nba/1610612746/primary/L/logo.svg
498,https://cdn.nba.com/logos/nba/1610612747/primary/L/logo.svg
499,https://cdn.nba.com/logos/nba/1610612743/primary/L/logo.svg
499,https://cdn.nba.com/logos/nba/1610612745/primary/L/logo.svg
499,https://cdn.nba.com/logos/nba/1610612741/primary/L/logo.svg
500,https://cdn.nba.com/logos/nba/1610612748/primary/L/logo.svg
500,https://cdn.nba.com/logos/nba/1610612745/primary/L/logo.svg
501,https://cdn.nba.com/logos/nba/1610612741/primary/L/logo.svg
501,https://cdn.nba.com/logos/nba/1610612744/primary/L/logo.svg
502,https://cdn.nba.com/logos/nba/1610612742/primary/L/logo.svg
502,https://cdn.nba.com/logos/nba/1610612741/primary/L/logo.svg
502,https://cdn.nba.com/logos/nba/1610612738/primary/L/logo.svg
503,https://cdn.nba.com/logos/nba/1610612741/primary/L/logo.svg
504,https://cdn.nba.com/logos/nba/1610612747/primary/L/logo.svg
505,https://cdn.nba.com/logos/nba/1610612746/primary/L/logo.svg
506,https://cdn.nba.com/logos/nba/1610612742/primary/L/logo.svg
507,https://cdn.nba.com/logos/nba/1610612737/primary/L/logo.svg
508,https://cdn.nba.com/logos/nba/1610612742/primary/L/logo.svg
508,https://cdn.nba.com/logos/nba/1610612748/primary/L/logo.svg
508,https://cdn.nba.com/logos/nba/1610612742/primary/L/logo.svg
509,https://cdn.nba.com/logos/nba/1610612748/primary/L/logo.svg
509,https://cdn.nba.com/logos/nba/1610612742/primary/L/logo.svg
509,https://cdn.nba.com/logos/nba/1610612747/primary/L/logo.svg
510,https://cdn.nba.com/logos/nba/1610612747/primary/L/logo.svg
511,https://cdn.nba.com/logos/nba/1610612745/primary/L/logo.svg
512,https://cdn.nba.com/logos/nba/1610612737/primary/L/logo.svg
512,https://cdn.nba.com/logos/nba/1610612738/primary/L/logo.svg
512,https://cdn.nba.com/logos/nba/1610612744/primary/L/logo.svg
513,https://cdn.nba.com/logos/nba/1610612745/primary/L/logo.svg
513,https://cdn.nba.com/logos/nba/1610612742/primary/L/logo.svg
514,https://cdn.nba.com/logos/nba/1610612738/primary/L/logo.svg
514,https://cdn.nba.com/logos/nba/1610612738/primary/L/logo.svg
514,https://cdn.nba.com/logos/nba/1610612741/primary/L/logo.svg
515,https://cdn.nba.com/logos/nba/1610612742/primary/L/logo.svg
516,https://cdn.nba.com/logos/nba/1610612743/primary/L/logo.svg
516,https://cdn.nba.com/logos/nba/1610612741/primary/L/logo.svg
516,https://cdn.nba.com/logos/nba/1610612746/primary/L/logo.svg
517,https://cdn.nba.com/logos/nba/1610612746/primary/L/logo.svg
518,https://cdn.nba.com/logos/nba/1610612746/primary/L/logo.svg
518,https://cdn.nba.com/logos/nba/1610612742/primary/L/logo.svg
519,https://cdn.nba.com/logos/nba/1610612745/primary/L/logo.svg
519,https://cdn.nba.com/logos/nba/1610612746/primary/L/logo.svg
520,https://cdn.nba.com/logos/nba/1610612738/primary/L/logo.svg
520,https://cdn.nba.com/logos/nba/1610612748/primary/L/logo.svg
521,https://cdn.nba.com/logos/nba/1610612744/primary/L/logo.svg
521,https://cdn.nba.com/logos/nba/1610612743/primary/L/logo.svg
521,https://cdn.nba.com/logos/nba/1610612744/primary/L/logo.svg
522,https://cdn.nba.com/logos/nba/1610612738/primary/L/logo.svg
522,https://cdn.nba.com/logos/nba/1610612745/primary/L/logo.svg
523,https://cdn.nba.com/logos/nba/1610612738/primary/L/logo.svg
524,https://cdn.nba.com/logos/nba/1610612745/primary/L/logo.svg
524,https://cdn.nba.com/logos/nba/1610612743/primary/L/logo.svg
524,https://cdn.nba.com/logos/nba/1610612737/primary/L/logo.svg
525,https://cdn.nba.com/logos/nba/1610612746/primary/L/logo.svg
525,https://cdn.nba.com/logos/nba/1610612747/primary/L/logo.svg
526,https://cdn.nba.com/logos/nba/1610612743/primary/L/logo.svg
526,https://cdn.nba.com/logos/nba/1610612737/primary/L/logo.svg
527,https://cdn.nba.com/logos/nba/1610612742/primary/L/logo.svg
527,https://cdn.nba.com/logos/nba/1610612744/primary/L/logo.svg
528,https://cdn.nba.com/logos/nba/1610612747/primary/L/logo.svg
528,https://cdn.nba.com/logos/nba/1610612741/primary/L/logo.svg
529,https://cdn.nba.com/logos/nba/1610612737/primary/L/logo.svg
529,https://cdn.nba.com/logos/nba/1610612747/primary/L/logo.svg
529,https://cdn.nba.com/logos/nba/1610612742/primary/L/logo.svg
530,https://cdn.nba.com/logos/nba/1610612743/primary/L/logo.svg
530,https://cdn.nba.com/logos/nba/1610612743/primary/L/logo.svg
531,https://cdn.nba.com/logos/nba/1610612746/primary/L/logo.svg
531,https://cdn.nba.com/logos/nba/1610612747/primary/L/logo.svg
532,https://cdn.nba.com/logos/nba/1610612737/primary/L/logo.svg
533,https://cdn.nba.com/logos/nba/1610612741/primary/L/logo.svg
533,https://cdn.nba.com/logos/nba/1610612742/primary/L/logo.svg
534,https://cdn.nba.com/logos/nba/1610612745/primary/L/logo.svg
534,https://cdn.nba.com/logos/nba/1610612742/primary/L/logo.svg
534,https://cdn.nba.com/logos/nba/1610612745/primary/L/logo.svg
535,https://cdn.nba.com/logos/nba/1610612747/primary/L/logo.svg
535,https://cdn.nba.com/logos/nba/1610612744/primary/L/logo.svg
536,https://cdn.nba.com/logos/nba/1610612748/primary/L/logo.svg
537,https://cdn.nba.com/logos/nba/1610612742/primary/L/logo.svg
537,https://cdn.nba.com/logos/nba/1610612746/primary/L/logo.svg
537,https://cdn.nba.com/logos/nba/1610612745/primary/L/logo.svg
538,https://cdn.nba.com/logos/nba/1610612745/primary/L/logo.svg
538,https://cdn.nba.com/logos/nba/1610612737/primary/L/logo.svg
538,https://cdn.nba.com/logos/nba/1610612743/primary/L/logo.svg
539,https://cdn.nba.com/logos/nba/1610612744/primary/L/logo.svg
540,https://cdn.nba.com/logos/nba/1610612742/primary/L/logo.svg
540,https://cdn.nba.com/logos/nba/1610612743/primary/L/logo.svg
541,https://cdn.nba.com/logos/nba/1610612741/primary/L/logo.svg
541,https://cdn.nba.com/logos/nba/1610612743/primary/L/logo.svg
542,https://cdn.nba.com/logos/nba/1610612737/primary/L/logo.svg
543,https://cdn.nba.com/logos/nba/1610612748/primary/L/logo.svg
543,https://cdn.nba.com/logos/nba/1610612743/primary/L/logo.svg
544,https://cdn.nba.com/logos/nba/1610612742/primary/L/logo.svg
545,https://cdn.nba.com/logos/nba/1610612742/primary/L/logo.svg
545,https://cdn.nba.com/logos/nba/1610612745/primary/L/logo.svg
546,https://cdn.nba.com/logos/nba/1610612746/primary/L/logo.svg
546,https://cdn.nba.com/logos/nba/1610612738/primary/L/logo.svg
546,https://cdn.nba.com/logos/nba/1610612737/primary/L/logo.svg
547,https://cdn.nba.com/logos/nba/1610612738/primary/L/logo.svg
548,https://cdn.nba.com/logos/nba/1610612747/primary/L/logo.svg
548,https://cdn.nba.com/logos/nba/1610612748/primary/L/logo.svg
549,https://cdn.nba.com/logos/nba/1610612744/primary/L/logo.svg
549,https://cdn.nba.com/logos/nba/1610612746/primary/L/logo.svg
550,https://cdn.nba.com/logos/nba/1610612744/primary/L/logo.svg
550,https://cdn.nba.com/logos/nba/1610612745/primary/L/logo.svg
551,https://cdn.nba.com/logos/nba/1610612746/primary/L/logo.svg
551,https://cdn.nba.com/logos/nba/1610612737/primary/L/logo.svg
551,https://cdn.nba.com/logos/nba/1610612742/primary/L/logo.svg
552,https://cdn.nba.com/logos/nba/1610612746/primary/L/logo.svg
553,https://cdn.nba.com/logos/nba/1610612742/primary/L/logo.svg
554,https://cdn.nba.com/logos/nba/1610612742/primary/L/logo.svg
555,https://cdn.nba.com/logos/nba/1610612737/primary/L/logo.svg
556,https://cdn.nba.com/logos/nba/1610612748/primary/L/logo.svg
556,https://cdn.nba.com/logos/nba/1610612741/primary/L/logo.svg
557,https://cdn.nba.com/logos/nba/1610612741/primary/L/logo.svg
557,https://cdn.nba.com/logos/nba/1610612742/primary/L/logo.svg
558,https://cdn.nba.com/logos/nba/1610612743/primary/L/logo.svg
559,https://cdn.nba.com/logos/nba/1610612746/primary/L/logo.svg
559,https://cdn.nba.com/logos/nba/1610612743/primary/L/logo.svg
560,https://cdn.nba.com/logos/nba/1610612746/primary/L/logo.svg
560,https://cdn.nba.com/logos/nba/1610612742/primary/L/logo.svg
561,https://cdn.nba.com/logos/nba/1610612743/primary/L/logo.svg
562,https://cdn.nba.com/logos/nba/1610612746/primary/L/logo.svg
563,https://cdn.nba.com/logos/nba/1610612737/primary/L/logo.svg
563,https://cdn.nba.com/logos/nba/1610612738/primary/L/logo.svg
564,https://cdn.nba.com/logos/nba/1610612748/primary/L/logo.svg
565,https://cdn.nba.com/logos/nba/1610612745/primary/L/logo.svg
565,https://cdn.nba.com/logos/nba/1610612748/primary/L/logo.svg
566,https://cdn.nba.com/logos/nba/1610612742/primary/L/logo.svg
567,https://cdn.nba.com/logos/nba/1610612746/primary/L/logo.svg
567,https://cdn.nba.com/logos/nba/1610612741/primary/L/logo.svg
568,https://cdn.nba.com/logos/nba/1610612746/primary/L/logo.svg
569,https://cdn.nba.com/logos/nba/1610612748/primary/L/logo.svg
569,https://cdn.nba.com/logos/nba/1610612748/primary/L/logo.svg
570,https://cdn.nba.com/logos/nba/1610612748/primary/L/logo.svg
570,https://cdn.nba.com/logos/nba/1610612744/primary/L/logo.svg
571,https://cdn.nba.com/logos/nba/1610612741/primary/L/logo.svg
572,https://cdn.nba.com/logos/nba/1610612746/primary/L/logo.svg
572,https://cdn.nba.com/logos/nba/1610612741/primary/L/logo.svg
572,https://cdn.nba.com/logos/nba/1610612743/primary/L/logo.svg
573,https://cdn.nba.com/logos/nba/1610612741/primary/L/logo.svg
574,https://cdn.nba.com/logos/nba/1610612744/primary/L/logo.svg
575,https://cdn.nba.com/logos/nba/1610612747/primary/L/logo.svg
576,https://cdn.nba.com/logos/nba/1610612738/primary/L/logo.svg
576,https://cdn.nba.com/logos/nba/1610612737/primary/L/logo.svg
576,https://cdn.nba.com/logos/nba/1610612746/primary/L/logo.svg
577,https://cdn.nba.com/logos/nba/1610612743/primary/L/logo.svg
578,https://cdn.nba.com/logos/nba/1610612742/primary/L/logo.svg
579,https://cdn.nba.com/logos/nba/1610612747/primary/L/logo.svg
580,https://cdn.nba.com/logos/nba/1610612741/primary/L/logo.svg
580,https://cdn.nba.com/logos/nba/1610612737/primary/L/logo.svg
581,https://cdn.nba.com/logos/nba/1610612737/primary/L/logo.svg
581,https://cdn.nba.com/logos/nba/1610612747/primary/L/logo.svg
581,https://cdn.nba.com/logos/nba/1610612743/primary/L/logo.svg
582,https://cdn.nba.com/logos/nba/1610612742/primary/L/logo.svg
582,https://cdn.nba.com/logos/nba/1610612747/primary/L/logo.svg
583,https://cdn.nba.com/logos/nba/1610612747/primary/L/logo.svg
583,https://cdn.nba.com/logos/nba/1610612743/primary/L/logo.svg
583,https://cdn.nba.com/logos/nba/1610612742/primary/L/logo.svg
584,https://cdn.nba.com/logos/nba/1610612745/primary/L/logo.svg
584,https://cdn.nba.com/logos/nba/1610612747/primary/L/logo.svg
584,https://cdn.nba.com/logos/nba/1610612738/primary/L/logo.svg
585,https://cdn.nba.com/logos/nba/1610612737/primary/L/logo.svg
585,https://cdn.nba.com/logos/nba/1610612746/primary/L/logo.svg
585,https://cdn.nba.com/logos/nba/1610612744/primary/L/logo.svg
586,https://cdn.nba.com/logos/nba/1610612747/primary/L/logo.svg
586,https://cdn.nba.com/logos/nba/1610612748/primary/L/logo.svg
587,https://cdn.nba.com/logos/nba/1610612746/primary/L/logo.svg
588,https://cdn.nba.com/logos/nba/1610612746/primary/L/logo.svg
588,https://cdn.nba.com/logos/nba/1610612745/primary/L/logo.svg
589,https://cdn.nba.com/logos/nba/1610612746/primary/L/logo.svg
589,https://cdn.nba.com/logos/nba/1610612737/primary/L/logo.svg
590,https://cdn.nba.com/logos/nba/1610612738/primary/L/logo.svg
591,https://cdn.nba.com/logos/nba/1610612737/primary/L/logo.svg
591,https://cdn.nba.com/logos/nba/1610612743/primary/L/logo.svg
592,https://cdn.nba.com/logos/nba/1610612748/primary/L/logo.svg
592,https://cdn.nba.com/logos/nba/1610612743/primary/L/logo.svg
593,https://cdn.nba.com/logos/nba/1610612744/primary/L/logo.svg
594,https://cdn.nba.com/logos/nba/1610612738/primary/L/logo.svg
594,https://cdn.nba.com/logos/nba/1610612741/primary/L/logo.svg
594,https://cdn.nba.com/logos/nba/1610612737/primary/L/logo.svg
595,https://cdn.nba.com/logos/nba/1610612737/primary/L/logo.svg
596,https://cdn.nba.com/logos/nba/1610612745/primary/L/logo.svg
596,https://cdn.nba.com/logos/nba/1610612741/primary/L/logo.svg
597,https://cdn.nba.com/logos/nba/1610612741/primary/L/logo.svg
598,https://cdn.nba.com/logos/nba/1610612737/primary/L/logo.svg
598,https://cdn.nba.com/logos/nba/1610612743/primary/L/logo.svg
598,https://cdn.nba.com/logos/nba/1610612745/primary/L/logo.svg
599,https://cdn.nba.com/logos/nba/1610612748/primary/L/logo.svg
599,https://cdn.nba.com/logos/nba/1610612742/primary/L/logo.svg
599,https://cdn.nba.com/logos/nba/1610612746/primary/L/logo.svg
600,https://cdn.nba.com/logos/nba/1610612742/primary/L/logo.svg
600,https://cdn.nba.com/logos/nba/1610612737/primary/L/logo.svg
